user_login,user_email,display_name,role
zutuddu,kidnov@ciar.cw,Rena Watkins,author
jejzahbas,vozidew@wezjic.mh,Jimmy Hampton,contributor
ja,utule@lawacwi.ec,Mollie Henry,author
epikjo,gi@vuzik.co.uk,Marian Freeman,author
mihocris,hu@lojola.cf,Jacob Pena,author
giwwapro,ifewuco@gugemvew.pr,Bryan Clarke,author
haif,levigvos@zejiwer.sh,Helen Fields,author
kiborve,so@bejnabsaj.mq,Nell Gregory,author
todlal,mo@bug.cx,Ella Alexander,author
vapa,rosrot@oli.gw,Alfred Wise,contributor
hiko,tejfe@foknivip.na,Cecilia Clark,author
fej,gaen@zeswa.rw,Donald Newman,contributor
juniuc,melego@zuilroj.bv,Harvey Watson,author
ef,azpo@rolgaruga.pa,Inez Webb,author
fa,ukhozu@na.eu,Joe Cobb,author
mobe,mamip@boomer.hm,Viola Ray,author
gihvof,boad@naszesu.su,Clarence Warner,author
tu,ubooje@goltas.mp,Eugenia Keller,author
ezkonmil,upelu@ba.cm,Mina Fuller,author
emhuf,ogtip@metici.bw,Ora Sandoval,contributor
cebobu,johedzoc@uh.pw,Nicholas Herrera,author
mag,punset@wezsuha.mc,Curtis Armstrong,contributor
joefru,hem@femuvih.zw,Jorge Paul,author
neipa,moda@wahbodu.ls,Bill Blake,author
fa,bif@ukifa.by,Susan Silva,author
puzub,ili@tenco.bz,Mabelle Baker,author
cewe,wecuv@loir.sg,Kevin Armstrong,author
efu,tebar@dangu.tl,Logan Shaw,author
vuvodesu,memloj@al.at,Susie Becker,author
baj,vegaf@ki.co,Ian Aguilar,contributor
iw,suledal@is.st,Tommy Bryant,author
zikuf,tivakud@onci.by,Bryan Gregory,contributor
soesdod,rez@pupunver.pg,Micheal Gilbert,author
jiwab,foro@pul.dk,Clara Vasquez,author
zoz,cepoh@etopo.sd,Maurice Ingram,author
maksatad,wi@aj.ly,Jackson Waters,author
dow,zotku@gocof.tj,Augusta Chandler,author
uko,panon@ewofeshih.tv,Mark Alvarado,author
ojarugi,cinva@cenbo.gq,Nicholas Price,author
can,bottuf@pa.pw,Roger Garrett,contributor
zir,jaocopon@da.cy,Phoebe Lopez,author
norlimis,ladsus@ujoseko.to,Louisa Bryan,contributor
ewmuwan,hibpida@owije.io,Sally Lee,author
ivepa,neczojcaf@mozfillop.us,Ronald Sherman,author
bojouf,bar@senbuj.tg,Stanley Ward,author
depe,zun@pu.at,Mabel Garza,author
vesloot,mulradap@pagira.mo,Dora Graham,author
gose,sa@gofasoz.ie,Estelle Garrett,author
gih,gikzuw@vuku.cr,Marian Abbott,author
amefo,izjiro@lifguh.pl,Lena Fletcher,contributor
anewe,tujo@guzumcul.ht,Cory Peters,author
suajoaze,paegu@hu.zm,Marc Thornton,contributor
anapa,unukisor@lewse.fo,Ray Swanson,author
alujimeco,pilupuz@dedconci.sb,Vernon Reynolds,author
hivi,vik@kuvnafmar.sg,Louisa Burns,author
biwafbah,obu@no.mz,Joe Austin,author
watilu,mosiiwe@fu.kg,Cecelia Torres,author
feine,nivawan@nawuhzar.ie,Kenneth Crawford,author
lomvisow,giosfav@bufes.py,Bryan Fernandez,author
moc,il@lawiwu.ge,Martin Ray,contributor
hukapelo,gaz@fercovpic.za,Jayden Pittman,author
ticofu,pefermiv@tiron.at,Agnes Sutton,contributor
ku,fuphi@nojfo.om,Rosetta Guerrero,author
mi,senwur@zejecse.tw,Georgia Barnes,author
ogujo,pi@rimodnoc.ms,Stanley Brewer,author
rodni,coedov@luhab.kr,Lola Abbott,author
kosavoc,siwivij@zedibwe.gi,Mabel Arnold,author
sabvuzo,retjuc@boiku.ax,Calvin Campbell,author
notegoid,bovuwhi@isemig.io,Isabelle McKenzie,author
tammec,libacu@bomava.sd,Rhoda Hardy,contributor
beri,ome@jadil.lb,Clifford Rose,author
tehra,ico@rajebo.ly,Victor Ray,contributor
gocuzo,bucra@nip.vu,Leon Rivera,author
lolibi,ewuza@icu.pm,Norman Floyd,author
lokiira,sit@hek.ac,Ernest Ross,author
wissewvo,tav@cuonsab.ga,Jack Webster,author
dihiad,nu@vunob.cx,Allie Hampton,author
mopiuf,dopa@ofroreh.by,Herbert Paul,author
baek,lussow@nov.td,Myra Simmons,author
vu,utmap@jukwoppe.vi,Emily Ramirez,contributor
emu,nuh@gu.bs,Christine Haynes,author
ivnov,ran@lu.ec,Alta Hernandez,contributor
wovol,hip@go.bf,Leon Singleton,author
fub,va@wege.tr,Ann Cole,author
upjiguc,lus@vuuhi.tm,Caroline Pittman,author
meuhva,do@hunadaji.qa,Jeff Coleman,author
laluffi,rimvapu@kavrub.mz,Allen Stevenson,author
wicic,esurasto@ga.bm,Linnie Atkins,author
walika,pag@viwif.do,Jonathan Hernandez,author
lita,hu@mu.gq,Dollie Evans,contributor
igzefcob,opagmul@cebobbu.re,Beulah Spencer,author
po,koceru@ep.om,Essie Dunn,contributor
lur,uvuvo@guhgi.sj,Joseph Ramos,author
atde,has@vik.ml,Henry Griffith,author
epo,fuzcoami@ca.bz,Maude Young,author
uwbik,lija@hisona.ci,Lucy Schultz,author
tebbotti,ju@zobluran.nl,Glenn Ramirez,author
noh,umlemado@wouvho.cx,Darrell Boyd,author
wigdit,komo@jemura.ec,Elmer Riley,author
baice,lo@pokvo.ky,Barry Wade,contributor
aleez,wuc@lop.sx,Marie Lyons,author
isookuz,lathe@humev.nz,Jennie Todd,contributor
nu,zak@ralaru.bf,Gregory Olson,author
lo,cid@id.io,Robert Sanchez,author
ukinufeb,zarasuf@badokhuw.ve,Mary Richards,author
gujnasi,sajviogi@fockogboc.la,Eliza Yates,author
feb,tuakeogu@fuzsidezo.uy,Henry Neal,author
wanluj,wofcu@jegge.io,Ada Thornton,author
ubuoz,sebuwo@pozane.sn,Maud Hicks,author
tabeteifo,ozse@leclo.ma,Bryan Ray,contributor
lajfuare,ho@gi.mq,Harry McBride,author
ehobe,fo@tivsep.va,Allen Vega,contributor
paver,le@zun.ph,Walter Knight,author
hitirbu,erwucic@gekvihuw.cu,Margaret Horton,author
vat,fo@raim.kg,Alex Rodriquez,author
gulatis,jekhowgi@zuob.gp,Violet Sparks,author
vapav,hanecvu@sedmutlu.gg,Gussie Fletcher,author
hag,aj@iwtak.er,Todd Warren,author
luz,dapafunin@onfub.zw,Lida Bryant,author
ijtucor,rosawvi@ruila.net,Sophie McCarthy,contributor
maclubo,idtufahu@ni.ir,Isabel Duncan,author
lu,horhip@ba.sm,Adele Mack,contributor
ja,ovosesdo@guduzefug.me,Claudia Hicks,author
dipigaw,mormop@ofimlus.tt,Bernice Schultz,author
ro,pih@ob.hr,Stanley Wood,author
toopuumi,faji@cesrouj.mg,Carlos Pierce,author
gobib,bebo@vu.tt,Elsie Chambers,author
er,johiw@so.bg,Helen Williamson,author
doupawez,ganel@bi.dk,Iva Pittman,author
do,gomvuvog@sitda.na,Beulah Weaver,contributor
guhjal,kedorse@hajzaj.ck,Gene Curry,author
ceacja,sek@ju.tv,Rosalie Lynch,contributor
utwi,suepisif@lalraj.im,Alice Wise,author
juwu,duhhun@ok.ma,Vincent Morton,author
wafvi,ivih@so.mt,Kate Webster,author
ziafwo,fu@tifcog.tr,Clayton Long,author
jedkodom,suchu@jorzasu.org,Travis Rose,author
dufwo,nib@venra.cv,Chris Elliott,author
izucakdon,riswebop@hiknew.tp,Mollie Burgess,author
um,ce@coc.cn,Blake Turner,contributor
gukacvo,wuhewiv@celtupzi.lv,Cora Norman,author
bu,ibpan@hec.tk,Corey Carpenter,contributor
nemiv,tadcusut@rinac.ad,Jacob Sutton,author
onunoc,rokloam@mik.ao,Lucinda Martinez,author
hefloliz,umonog@ilucojfe.ly,Steve Harper,author
tebob,lajuhlez@kajter.jm,Ida Gilbert,author
ciwwidgal,kekibdi@nivomka.jp,Pearl Wilkins,author
idecew,ajkepo@as.bn,Ethan Wilkins,author
culjad,pafeziil@hetavag.to,Bernard Farmer,author
maes,ce@mah.mk,Marc Cummings,contributor
mep,lul@fod.kn,Adeline Lopez,author
bujbojza,fedmicvug@epitagom.co.uk,Patrick Medina,contributor
ulemuc,gapgib@kafenze.je,Curtis Wise,author
niglu,vo@faafpo.cy,Louise Tyler,author
fu,sibdim@ri.dm,Owen Briggs,author
gofvu,owupomoz@iv.net,Steven Reese,author
jastujsi,bapfa@divi.tg,Mabel Burns,author
hivrige,heardo@lipbadum.bm,Jerome Harmon,author
voto,itaranru@fil.pk,Olga Parks,author
locoujo,kef@nogife.sm,Amelia Wells,contributor
fe,kajca@dippekzej.bs,Pearl Figueroa,author
kahanto,od@icec.co,Verna Mendez,contributor
wivurete,wazub@ubno.je,Hulda Crawford,author
wok,durad@mubofa.sx,Mina Jackson,author
kiche,mut@woc.am,Ronald Andrews,author
manabbo,faczap@cetubaw.my,Susie Greene,author
luw,vape@azoog.io,Mittie Butler,author
gupfo,mur@foziwol.gs,Ola Stevenson,author
kup,uj@guh.gt,Ivan Chavez,author
ca,rejirez@tamudwi.su,Ronald Lamb,contributor
newifar,kel@ibi.fr,Caleb Austin,author
rupib,cu@he.hn,Mike Powell,contributor
dil,lincoca@jom.ga,Derrick McGee,author
dema,evemuz@awiteeje.gs,Inez Hodges,author
hulur,war@ovbut.lc,Amelia Clayton,author
ufsoja,sucu@waegibak.uy,Herman Flowers,author
be,laop@hu.rw,Don Ross,author
zunutzig,weeg@erumeldis.km,Noah Bowman,author
wil,am@agfad.is,Myra Wade,author
sejofov,deeltel@viwti.pt,Edna Mills,contributor
ultofaf,kubu@ta.ch,Minnie Evans,author
coc,cewog@pukupni.ma,Benjamin Robertson,contributor
wetip,eba@ez.nz,Kathryn Lane,author
sihgedig,ravu@lajhorigu.jo,Arthur Alvarado,author
jebu,nipaz@su.ca,Nathaniel Christensen,author
hapez,adwom@ugonew.br,Jesse Lamb,author
dovkeno,wuowbi@fesmi.gq,Duane Atkins,author
mo,fije@sojugap.cw,Sally Weaver,author
ciw,ridetco@eweileha.ps,Logan Schwartz,author
wuweg,sorboha@de.pw,Francisco Newman,contributor
gab,me@fucetah.pk,Ada Hamilton,author
sod,mu@ti.nl,Isabelle Haynes,contributor
biepipuv,nebvi@tepo.na,Christopher Stephens,author
eseejini,tediw@dadbo.pt,Harriett Ruiz,author
zujecvo,gef@mu.do,Cecilia Yates,author
jelfoma,kozicep@ohugo.fi,Mabelle Hawkins,author
moraba,jojever@ug.net,Thomas Gardner,author
fuk,kat@kigwif.kg,Ronald Ball,author
dukzup,tueni@tewko.ly,Edwin Ramos,author
ipo,li@bihzosof.gf,Rachel Terry,contributor
po,nozerto@kicsuzbi.pg,Eddie Bennett,author
or,gadfoh@vuc.edu,Henrietta Dunn,contributor
pobvig,ucerin@boepahe.mo,Catherine Simmons,author
bi,sorjub@zosretwi.gl,Alta Parker,author
now,gonduput@uce.mc,Maria Carson,author
mabbe,vobsilhi@sezcepav.kr,Isabella Cortez,author
jekeh,def@giv.pn,Katharine McCormick,author
ukanu,efakid@ini.sb,Jose Nunez,author
soba,hooru@hav.mx,Russell Harris,author
vuen,uwuloji@keifiwi.lv,Marc Curry,contributor
emezi,pitnuh@ecuuwca.edu,Stephen McDaniel,author
buk,rur@limtuf.edu,Dylan Armstrong,contributor
odcugsu,kota@pubenul.tr,Ray Houston,author
fek,vezi@nalmuubo.hn,Sara Reynolds,author
ecsemet,te@touszi.in,Mabelle Padilla,author
zavhe,sa@in.cz,Margaret Yates,author
omipu,sispetof@sejusal.mv,Alejandro Martin,author
re,doizhe@ek.tj,Patrick Gilbert,author
huljul,tu@lahoos.hm,Phillip Holland,author
horpa,cowzufeso@jiodgu.uy,Andrew Lambert,contributor
daz,op@ukrozfi.nz,Ralph Vargas,author
bew,ke@bavwizupi.ss,Etta Myers,contributor
tivoj,wip@buh.vi,Owen Abbott,author
jaz,caru@gil.aq,Dollie Bush,author
tihpefik,awakneb@ovwo.sy,Trevor Goodwin,author
cojme,hin@de.cd,Leona Robinson,author
wazmerac,eta@mimvi.gh,Chester Martin,author
je,it@vacfacci.io,Glen Clayton,author
hafiud,tahbe@dahtokve.gp,Nellie Hubbard,author
vizmejlo,nipgucuw@pewpem.lc,Joe Kim,contributor
caw,me@naz.la,Ray Mendoza,author
gipize,zufhu@de.cu,Oscar Reyes,contributor
ter,tis@ke.cr,Essie Waters,author
nahe,votpo@cine.ye,Frank Andrews,author
docigruz,zeg@tuvseboh.mk,Cynthia Weber,author
wunhuz,ihoruv@nid.jm,Flora Weaver,author
lizsurcu,guspocaj@uckit.uz,Leah Guzman,author
piel,iruugesa@pout.rs,Grace Tate,author
azhoru,reigke@kek.mg,Michael Hale,author
ne,zuculoz@dit.uz,Sara Schneider,contributor
lu,hudijja@fop.ee,Mae Ingram,author
az,wojas@vawjili.gs,Betty Pratt,contributor
moof,ujab@javtujemu.jo,Stella Richards,author
vebi,du@hi.cg,Jon Hawkins,author
sijam,wevo@duza.it,Dylan Ballard,author
mo,van@fezdupok.cw,Lydia Sharp,author
go,lozhien@pal.co.uk,Linnie Cortez,author
orovowe,mebicsov@ci.iq,Owen Bell,author
edficun,zi@vu.pa,Bradley Barnett,author
nezmubin,sa@ke.se,Alan Craig,contributor
faleawe,wipiwfom@puctajni.lb,Carrie Gonzales,author
owepankuf,odu@ephen.cf,Ricardo Wong,contributor
opiwori,kawviluho@jiwloj.sl,Ada Thompson,author
nik,ezotosel@puptigot.gy,Leona Gardner,author
gahwev,ku@gijorama.gq,Nathaniel Singleton,author
zehbawtu,gi@tesse.hr,Delia Wilkins,author
nogac,eheso@odzi.mp,Leila Parks,author
rusu,diwtowez@hadbu.ba,Sophie Butler,author
kepoc,diwigez@bidsep.ly,Rosetta Martin,author
zibeko,ru@wafaru.sb,Marie Patrick,contributor
defugra,mo@gercutu.gov,Clifford Grant,author
ib,ziavaji@fum.sj,Terry Frank,contributor
hez,moilulu@ebeoc.is,Della Barnes,author
nes,bolenzos@ivwusiw.ga,Benjamin Stevens,author
tibcontig,vup@limiuzi.gw,Hester Reynolds,author
apoocerus,uzilazbac@cazwatat.bm,Austin Caldwell,author
zuj,ammadnim@feji.kr,Roxie Wade,author
ed,niv@issaeni.nu,Winifred Curtis,author
na,aroavran@juhiwme.as,Elsie Ford,author
gewo,vapivdav@ama.rw,Caroline Pierce,contributor
jowle,vizo@jevsos.fj,Leroy Parker,author
vipujkoz,ogpocipa@garnage.cg,Rodney Glover,contributor
ge,banji@mug.mk,Adeline Gardner,author
rume,funehito@zosru.do,Carrie Harper,author
teca,rodwiliw@sihdino.uk,Lida McKenzie,author
omnosle,goksum@sez.hn,Charles Gibson,author
wozco,nesugu@edba.bt,Lillie Carpenter,author
suluok,ni@omuzeok.gp,Henrietta Howard,author
ma,emi@aseidi.cx,Vernon Casey,author
ewufomwi,fuokear@ihagifca.lk,Edgar Richardson,contributor
az,hum@botlidla.ml,Kyle Morales,author
ha,egcil@seb.tl,Oscar Briggs,contributor
ifmij,ijenapoka@te.gt,Arthur Patton,author
abuke,be@towara.kg,Annie Jensen,author
gememew,geitju@rotozde.fk,Leo Burgess,author
rosolo,wepu@ben.pl,Sean Martinez,author
reton,rivjusov@kewesez.ne,Lewis Hammond,author
dow,gusope@asajukmi.cf,Michael Waters,author
uvli,tepe@nu.pa,Charles Doyle,author
edkimewo,zudova@abweskuh.mu,Allie Woods,contributor
rajezo,izu@ju.ph,Fanny Bishop,author
hi,bo@to.cc,Victor Strickland,contributor
badi,jef@baw.cr,Ada Medina,author
epnibi,ned@mob.jo,Alberta Herrera,author
taad,za@tutzota.sr,Amy Nelson,author
danibiz,colsetit@ta.am,Norman Erickson,author
asdanu,toina@otedig.bs,Cecelia McBride,author
oracasu,ocater@rimovumu.hr,Russell Fitzgerald,author
pisotrav,pi@remnu.is,Nathaniel Rose,author
ijlemun,dovhebdal@vafoba.aw,Derek Newton,contributor
ji,ga@lof.gg,Johanna Nelson,author
cutzu,lam@faleto.nz,Ollie Tyler,contributor
awemida,bolu@sef.gu,Jason Ortiz,author
bozorulol,sehibu@mepvah.kn,Henry Bailey,author
set,lurfo@cot.gt,Rosa Palmer,author
nirusugap,ri@hi.bg,Barbara Francis,author
libewe,mogekez@besgesa.gr,Cole Burton,author
cidizi,ha@wogcoav.hm,Estelle Herrera,author
eltad,reoju@zelzojot.bm,Edgar Nelson,author
kumobo,jijfupbut@cu.gl,Keith Cunningham,contributor
ro,bocughij@limaur.mv,Ronald Reid,author
ib,enenobih@zumba.lt,Julia Perkins,contributor
durlohpub,oluriwraf@mab.br,Joshua Medina,author
ahbof,co@neset.bm,Hilda Green,author
kocacgam,fotlimsuj@jusuze.mc,Douglas Morgan,author
gikwoba,egzupbi@cenet.gd,Nettie Jefferson,author
omi,dih@sirobo.hu,Floyd Walton,author
kewge,hub@uza.aq,Melvin Floyd,author
su,ci@ceehesoc.tn,Marvin Kelley,author
luvigrah,deci@ob.km,Ollie Walters,contributor
enu,ahahibec@ledpohji.us,Henrietta Coleman,author
ja,ri@tomdoeli.bi,Tillie Padilla,contributor
tuhda,pivompi@potcu.gi,Dustin Duncan,author
ta,vigkel@ma.er,Christopher Robertson,author
fewarvu,sazkolvo@waowwim.gl,Jon Harmon,author
edutab,wubil@wualla.ec,Hulda Hansen,author
wenunzo,aji@cuuj.pm,Linnie Stevenson,author
tisrugzu,ah@tuka.pe,Ola Norman,author
lueszek,atoha@zi.tp,Winifred Cross,author
wibtelod,ali@jihju.ax,Arthur Jensen,contributor
vavakic,hidesoce@of.fi,Marion Norman,author
ajoer,zukdal@mepuzude.va,Winnie Norton,contributor
maf,awnep@pipmos.af,Sara Cortez,author
zig,loltot@mib.ad,Essie Underwood,author
ta,pab@nowej.pm,Milton Gilbert,author
bifo,odozep@eb.ma,Loretta Larson,author
ece,berguta@cupani.ug,Tillie Leonard,author
zuzvi,suevi@zebfen.au,Larry Hudson,author
dor,cotufkin@ucfafko.mu,Nellie Duncan,author
hu,tatca@pawsetse.sx,Jon Greene,contributor
borew,bono@vampos.bf,Travis Howell,author
five,vi@fuzbubhif.mp,Eric Kim,contributor
az,hoid@hehnuzket.za,Marian Norton,author
poscakot,miwho@kozbu.mm,Nancy Garrett,author
caz,bekti@se.ng,Helena Stewart,author
hiarizal,rahzes@ne.com,Joseph Ball,author
log,dappo@azroruf.gr,Harriet Gregory,author
kowogtov,piibe@eha.tm,Keith Bennett,author
ubajeli,jop@fisufep.uy,Lillian Byrd,author
vu,sicowvo@niggac.hu,Jesus Reed,contributor
fu,gamci@fahzealu.se,Isabel Spencer,author
gih,ovnapfe@tic.ng,Madge Morgan,contributor
dinwelge,tadki@vizcomu.an,Josie Evans,author
erondo,das@mewpujum.by,Allen Hall,author
toduz,guesariv@igwaja.za,Lola Lopez,author
fe,dit@jonuj.bb,Barbara Olson,author
da,fefe@tospiz.ph,Floyd Figueroa,author
licomu,urvateb@wozawmow.pl,Helen Smith,author
ruco,amti@konih.bj,Glenn Knight,author
linweru,vuji@wivjini.jo,James Greene,contributor
anmor,um@aside.sv,Claudia Gardner,author
ucpar,muwu@zuohta.sc,Alice Klein,contributor
wakovoga,leges@ikaj.an,Carlos Lawrence,author
viwowik,tej@seg.mt,Elsie Maxwell,author
wajisueco,muho@lepe.ki,Marie Griffith,author
wudsak,iggaudo@uposepja.qa,Rodney Freeman,author
pul,pogloz@liri.lu,Mabel Carpenter,author
sidupgav,jiipi@lobje.tm,Hunter Lamb,author
eju,mu@ha.nz,Estelle Gomez,author
iwgu,gar@cevagu.kw,Fanny Lyons,contributor
pih,temzij@peb.mm,Nathan Walton,author
hasric,kac@dezisimo.jp,Lucy Page,contributor
bewi,mamo@fope.bm,Martin Nelson,author
uvepaf,okef@neku.td,Edgar Parker,author
zab,nahzuzik@umoosi.nl,Julian Phelps,author
rin,vajvow@koksojol.fj,Blake Smith,author
li,zajlo@vabe.nz,Emma Crawford,author
zuejoku,gacecmi@wam.sc,Mike Clarke,author
fiwjabka,oge@ubagucpim.sn,Grace Carpenter,author
cihbim,wazpo@hu.uz,Olive Garrett,contributor
mup,rozri@bu.at,Lucile Clark,author
tig,kestu@mabpoz.nz,Lola Moreno,contributor
loafcef,hu@wefaur.gy,Eliza Reese,author
hil,kadhar@um.bb,Esther Nash,author
disego,saanumek@foracsu.et,Charlie Howell,author
ucuwet,bozsifo@gavetduz.ne,Virginia Cain,author
im,wevi@rah.mv,Andre Graham,author
kel,ruw@voj.gr,Clifford Mitchell,author
atahu,diceh@vubsugno.cu,Joshua Carroll,author
fidolabe,vapvuhe@ikrel.re,Ida Wheeler,contributor
okeigse,jalpoala@effile.in,Elmer Griffith,author
goctir,sojo@gakadaru.mh,Katie Walsh,contributor
lagner,pag@ekope.gh,Franklin Ramos,author
bejlofew,fa@apwej.tm,Martin Elliott,author
vinurval,mu@rekaetu.gov,Alex Goodwin,author
ez,opu@pibivif.mm,Luke Thomas,author
goenmem,buabu@ig.zw,Della Soto,author
fidnijsum,oj@nolukri.nc,Lillian Cannon,author
vu,copzozoji@lir.pa,Jordan Sparks,author
tuwigul,ebnofet@wifof.ua,Maria Rodriguez,contributor
nom,didowi@bumopiz.re,Pearl Hughes,author
fowik,ekeugbi@iviime.fr,Violet White,contributor
hazofjec,fofeci@gigwuvwo.lk,Christian James,author
tomrisger,ov@rebedwaz.bi,Vera Martinez,author
ruan,usjogsig@jodpeh.lr,Lelia Willis,author
nojosu,boafo@rev.tr,Leon Williamson,author
eti,ino@jed.do,Craig Holt,author
jahgezas,wa@ascebluj.su,Troy Collier,author
ru,heb@fe.dm,Angel Higgins,author
fu,hebnohaju@opatid.id,Cameron Stone,contributor
cafefub,ijcamal@makfo.ms,Rosetta Butler,author
egboaf,nizwabzaj@popfodrub.bz,Mike Carpenter,contributor
bihen,ojoefi@zajokopiv.mg,Richard Reynolds,author
jeghog,ripmile@masosoli.tr,Connor Waters,author
lec,vadbol@wajelmu.ws,Phoebe Berry,author
vosupvev,afmu@acped.bq,Randall Goodman,author
gitle,jauppo@ziw.ma,Tyler Cannon,author
ciklol,pirar@zeren.pr,Minerva Rodriguez,author
ho,cibuhol@keus.th,Tommy McLaughlin,author
le,jicbipa@rabsejmuj.pl,Frank Pratt,contributor
ic,ju@eri.lv,Marc Summers,author
dimrehku,dib@hugez.ng,Ian Pena,contributor
du,abi@budluha.sz,Angel Jenkins,author
ni,kan@or.io,Wesley Casey,author
ra,nifaac@galvuc.by,Joe Nunez,author
gig,cos@doojo.aq,Bernard Bell,author
pubdion,ho@rausiheb.mp,Alberta Hubbard,author
cos,milvaigi@kab.tg,Elmer Paul,author
bun,fo@re.be,Mollie Lowe,author
hedag,bilvogam@wewir.fi,Arthur Perry,contributor
mo,suteh@kogab.eg,Herbert Townsend,author
loplaba,bugivil@zoikumi.fr,Andrew Mason,contributor
ibi,cidepanu@hut.li,Alejandro Walters,author
gawawe,gug@setpuz.km,Violet Ray,author
avzo,zuma@uhwu.ir,Viola Chandler,author
ujo,anga@he.gu,Austin Davis,author
ja,pa@nevil.th,Annie Parker,author
acevarde,liho@fo.ht,Mina Soto,author
can,la@ovpiwo.cd,Cornelia Holland,author
vetbuhba,gogoiku@besoz.ee,Lelia Little,contributor
wote,juvilaw@di.pk,Jane Riley,author
no,gomek@pe.so,Bernice Dean,contributor
uzeoku,pew@vavsipili.bo,Clara Morales,author
delta,fedmaf@ufu.ao,Curtis Gray,author
ogisi,gerucuz@vashuj.lb,Rhoda Malone,author
veb,pozjooj@fuhef.tt,Hilda Hill,author
ni,se@maobu.ne,Daniel Hodges,author
gi,lejuw@je.gm,Fannie Ball,author
vupiko,pugzapaf@izoev.nz,Johnny Salazar,author
lagmo,ce@fufriz.md,Beatrice Little,contributor
reod,iku@kevem.al,Estelle Phelps,author
lutber,jaj@telhipol.ao,Marie Bush,contributor
honom,mic@zed.ag,Stella Webster,author
rif,ulzesfil@elateij.mh,Josephine Roberson,author
uborade,owcujo@be.com,Genevieve Burns,author
vibgasu,bizaf@muej.bi,Milton Gibson,author
cos,ihiufowo@ikumusced.bw,Kevin Salazar,author
cawvidmo,zibjuf@ajimuecu.sj,Sally Cortez,author
jat,tun@enuja.dk,Beatrice Schultz,author
hacala,cuidejez@esavba.hu,Ida Peters,contributor
tag,bejup@zu.md,Lewis Cunningham,author
bihzoz,icolesiz@jetub.tm,Connor Newman,contributor
tuik,bu@poce.io,Clarence Snyder,author
danuuho,vum@neg.za,Albert Brock,author
fuuzapa,foghe@elsojju.mr,Dale Carson,author
cignigat,poj@nodfakjab.kz,Jean Moody,author
gev,ehunizunu@pelenurus.se,Raymond Little,author
wes,bi@zocekif.cn,Christine Barrett,author
jufpo,em@zi.su,Leona Hines,author
te,zaguh@nibe.in,Lucinda Alvarado,contributor
sarveptib,surhodba@ka.me,Don Lopez,author
sajef,legmo@udhu.la,Matilda West,contributor
ze,roka@gegivij.tv,Blake Caldwell,author
adub,cuhzitada@ecejehvol.bq,Oscar Barker,author
te,ba@havzo.as,Anne Wells,author
ekooro,lojpurjur@heb.hr,Keith Armstrong,author
tejike,eh@gekuf.tm,Adam Garrett,author
besjegcik,pafri@rokuma.td,May Peters,author
vuzaca,ri@ucasiror.mt,Joe Ballard,author
du,kuwrus@ru.hr,Viola McCoy,contributor
vufov,labi@cenjumubu.er,Julian Burke,author
wifjoar,runju@bilem.nf,Elnora Alvarado,contributor
avi,jipareoj@epowu.nl,Andrew Armstrong,author
we,zubziczu@heki.it,Hallie Schmidt,author
niti,ze@sod.sr,Robert Jensen,author
rifbeh,lezoja@puz.ee,Timothy Frank,author
vet,tuca@juksedned.sg,Max Fernandez,author
vuzotwa,culofcuv@zuhig.gg,Nell Schneider,author
laz,ohi@sucnobruc.ck,Barry Gray,author
za,ujesawu@dak.ca,Gerald Cox,contributor
socuflos,anihes@vinwi.iq,Raymond Park,author
hol,sivibuh@navi.ws,Wayne McLaughlin,contributor
wuji,lucfin@sewisel.gm,Ola Davis,author
aplar,vet@mah.pn,Ray Barker,author
loobfez,honpabav@ujsatzu.eh,William Carter,author
tupe,jezmok@eposopu.yt,Francis Shaw,author
zu,dusaw@uta.bj,Ada Barber,author
lejniif,meduc@ilvil.ph,Isabelle Douglas,author
ku,surta@vuz.us,Millie Harrison,author
cutlugba,sod@ezuhu.cg,Bernard Patrick,contributor
ihamervaw,zu@fenkuf.is,Evan Banks,author
tori,hud@zuwlu.ni,Tom Dennis,contributor
keggem,arbin@pol.ye,Myra Barrett,author
ruh,ocbiwmow@hebozow.hm,Oscar Lawrence,author
hepuj,voh@zif.va,Bill Lindsey,author
fuj,ki@si.gi,Sylvia Morrison,author
wo,pabohu@icujog.nu,Eleanor Cummings,author
mehewuvoj,wi@sonisgag.ad,Janie Nunez,author
pothafkan,ibaloli@evde.mz,Abbie Lawrence,author
tujpoz,oguul@peg.by,Ora Hunt,contributor
ajebim,ja@ce.pr,Adam Alexander,author
wi,gen@tatevuw.br,Jean Simon,contributor
ob,livob@imake.bh,Cody Mullins,author
dedjore,ziv@fuc.mv,Mildred McGee,author
anezikhu,narjil@kof.ie,Jeff Mann,author
za,ze@mucrirmu.dz,Minnie Weber,author
tur,fofco@etuje.ly,Lester Parker,author
lerfusgo,uh@lowes.org,Cecilia Stephens,author
he,gilaewa@pesbibuv.ke,Jimmy Frazier,author
tu,nijaeja@tuum.ro,Beulah Hayes,contributor
mobic,baaho@raob.gt,Allen Allison,author
joupilar,puler@ifekajap.pe,Dominic Jacobs,contributor
ilvo,peaka@bashiv.sd,Calvin Wells,author
taunaek,kajes@keppu.uz,Minnie Chandler,author
viravme,otlapure@fetedlim.gh,Lizzie Morrison,author
tohuj,bohen@wesojcew.lk,Billy Byrd,author
bivegidop,sekug@poh.jm,Lou Abbott,author
wi,edwavri@sowba.su,Eugenia Horton,author
mukpupjed,muriha@sahgu.qa,Curtis Goodman,author
ozgeca,wawa@suciruuti.dk,Celia Brooks,contributor
liforaj,ceghif@egume.cu,Fannie Webster,author
majomlo,ko@ri.ne,Gavin Harmon,contributor
edmite,kocjorsa@kac.mr,Eula Wilson,author
tolles,reihiip@buf.se,Devin Copeland,author
nuv,udegolmin@ukgeke.tw,Isabelle Holland,author
ev,taocokol@ikkuzo.za,Paul Snyder,author
pabuj,tusnes@paselu.bg,Dean Snyder,author
digfej,bolum@ronac.np,Francis Carpenter,author
juzewid,wiegude@oco.li,Alex Tran,author
va,god@muhfebe.nr,Bessie Perkins,contributor
niwdirzi,sa@vujnaptew.cc,Cameron Buchanan,author
salotjuw,davovnid@anajiguf.tg,Abbie Hopkins,contributor
isu,jelomuv@surgeb.ni,Lelia Walker,author
asaiplis,kiukpig@ecogujdek.ni,Eugenia Hughes,author
jakugka,irzahiz@huf.sb,Steven McKinney,author
jizcabce,gu@okve.bg,Polly Gonzales,author
ne,nobsimi@tipguvak.sr,Jason Patterson,author
muzvez,zah@odonavek.ws,Ricardo Ramsey,author
guk,lab@zekpas.nc,James Hunter,author
vuvunik,nuzwuf@vomini.cn,Rhoda Sanders,contributor
dehekfej,sus@esozavik.mz,Elsie Weaver,author
suje,ehujocog@et.gu,Rosetta Grant,contributor
he,cek@timu.wf,Leo Boone,author
wen,zilrimo@muh.de,Paul West,author
igeihbeh,siz@ugo.sx,Clarence Lane,author
tob,rore@tijwufi.re,Christian Long,author
ketinezuz,cizbujjiw@cenfun.jm,Devin Hanson,author
far,nemkas@wi.la,Lura Wheeler,author
juvewa,ahicu@sotde.tt,Jonathan Gibson,author
rumsub,uhezeru@hedareh.mt,Luella Vaughn,contributor
vejroila,kadwumo@cinu.bg,James Sanders,author
aklokaj,eju@ohzu.cd,Harvey Burton,contributor
es,fahtof@wul.qa,Alfred Long,author
gu,kihor@manud.fk,Stanley Fisher,author
mehofaz,fin@polmesi.cc,Willie Washington,author
do,bivbi@hefij.sa,Charlotte Chandler,author
gadre,ecubigri@iz.sz,Mildred Porter,author
lohofju,igipeuju@osluhve.bb,Edith McCarthy,author
lusuzra,pore@kartin.gs,Adeline Copeland,author
suduz,zipse@be.gf,Ida Fox,contributor
wofawe,vu@zisop.kz,Mabel Pratt,author
eh,jatzijvus@rec.km,Edith Mack,contributor
lashuklam,fon@anhe.fm,Nora Steele,author
hapafwud,ug@gurdela.lu,Randall Rios,author
civ,sanzel@fec.sx,Stanley Davidson,author
beozaub,bavce@doco.sr,Patrick Moreno,author
gu,zevza@lo.vn,Harriett Edwards,author
ficojso,rumgejfa@mazucjol.ug,Dominic Perez,author
egadu,tankuwuha@focener.ye,Lily Wise,author
cuze,ledjugsor@ekizaluc.tm,Micheal Barber,contributor
mupeku,fez@ma.fr,Glen Watson,author
newetgi,gupul@zavfenji.rw,Corey Carson,contributor
oj,am@asgih.kg,Lucille White,author
arawa,kar@danalne.pr,Susan Ross,author
jakisove,ufa@ci.pg,Frederick Lambert,author
huka,iji@tofi.ch,Cynthia Jacobs,author
burbavhe,duv@feure.tl,Sadie Cox,author
buv,gace@kelvelsi.ws,Abbie Smith,author
otejaje,megir@azojak.hm,Marguerite Bishop,author
ronod,cuf@hezanci.pe,Dean Dixon,contributor
ropuv,uro@reltom.lv,Juan Bell,author
koek,weagi@eb.tt,Mae Holloway,contributor
rasium,fupuju@cagebif.to,Millie Clark,author
zemif,sek@aj.na,Janie Goodman,author
luc,oko@aroeli.au,Lucille Mendoza,author
pad,gitdisesu@nuk.st,Dennis Mitchell,author
cebvevek,usrolra@ji.fr,Bill Robbins,author
fitis,ziw@petikfa.ml,Mario McGuire,author
zufsic,lo@asifa.mz,Adelaide Johnson,author
nueculuv,necevil@sitbodwu.de,Ruby Lyons,contributor
os,hec@caj.gh,Violet Mason,author
negfa,vevdafi@boehhe.vi,Abbie Carpenter,contributor
ni,dewew@pi.tf,Olga Morris,author
kabemejiw,hakafwaz@jo.am,Lena Greene,author
do,lafmir@ojagip.re,Violet Guerrero,author
wuvekepud,su@ewgin.pf,Mason Jefferson,author
nele,hevbel@bu.vu,Calvin Cobb,author
kusogad,higeha@za.ca,Theodore Martinez,author
ri,egvel@vepetoce.sd,Manuel Wright,author
nandeos,lehoged@mabut.tg,Mae Becker,contributor
sijo,buhulsoh@rugaweges.ph,Mamie Fletcher,author
ogajovat,limobob@hirbuli.hr,Eugene Kennedy,contributor
sanna,ziz@jipo.lt,Elnora Wagner,author
juviuh,aja@netovumib.ni,Bruce Hale,author
fizafbe,low@zigur.kz,Stanley Shaw,author
ubnukrar,wo@faajaas.cg,Belle Collins,author
duh,huvro@ju.gh,Grace Vargas,author
muipikog,cis@zoozu.gy,Iva Hammond,author
ra,gejlijoto@foh.vi,Walter Pearson,author
bemfevlo,lak@degmoczu.ac,Derrick Griffith,contributor
bibujfod,cadi@teg.sz,Benjamin Hicks,author
zujzihu,kun@tokcazar.uy,Kevin Bush,contributor
atvaplam,optih@waje.ro,Billy Cox,author
di,teudme@gekhibgo.la,Darrell Torres,author
joh,to@wulnatka.mp,Lucinda Klein,author
kablibi,cenim@fedbaha.cc,Alex Butler,author
te,icgit@kumsonefi.lu,Jeremy Ingram,author
ga,bikjojgu@ajkar.fj,Ronnie Love,author
be,tuvac@kag.sx,Tillie Reeves,author
milniri,jeco@wegosdi.pr,Tony Romero,contributor
uvba,bezic@vefijmo.tn,Eunice Salazar,author
or,edliju@magnisu.pr,Tommy Malone,contributor
odtom,al@bo.md,Rosalie Norton,author
igivorfub,na@rejop.ye,Janie Cortez,author
oce,bi@seani.uk,Lola Atkins,author
meza,esi@rir.cx,Eunice Ruiz,author
malubi,judgaob@voto.vg,Brian Gonzales,author
ap,hocataj@zu.bs,Hunter Martin,author
va,luw@uwi.mn,Lois Adams,author
gako,iciko@ezpo.km,Derrick George,contributor
pomcopvid,zidruwe@uzadifo.cw,May McLaughlin,author
gi,manro@bopawin.bh,Kate Weber,contributor
momev,lu@umi.nr,Steve Hunt,author
cekleti,ma@mo.kp,Essie Turner,author
kaso,go@leedecec.pw,Lily Collins,author
raldugo,ziltu@di.vg,Rose Soto,author
le,vakazu@dif.co.uk,Sean Jackson,author
tawumza,desa@uluvonac.va,Austin Rogers,author
fu,dib@cidih.de,Douglas Myers,author
bado,ovimet@tiisola.su,Todd Walters,contributor
zonub,hidfehjo@po.gl,James Rodgers,author
fokavdu,lapuno@le.sg,Dean Lindsey,contributor
relune,homaw@pecu.hk,Antonio Allison,author
gi,tojraluz@gapefo.aw,Dorothy Ruiz,author
fubiv,kawirahug@sa.ac,Virgie Rodriquez,author
dof,wamzup@na.bb,Erik McBride,author
kivnuf,zasfu@bor.cm,Jeanette Brown,author
ci,no@rol.tm,Rachel Wright,author
oksipre,po@rotnadgom.hn,Nancy Perry,author
pi,muc@ugka.gy,Mitchell Wells,contributor
fute,nic@fe.om,Frank Townsend,author
ta,sitot@no.to,Harvey Stewart,contributor
lim,pal@om.gp,Mable Harris,author
igtelle,tira@vewibsuc.er,Glen Thompson,author
si,huj@ipupup.tm,Sam Goodwin,author
kanojlu,le@bidsehi.al,Janie Bradley,author
jejzaz,gu@hof.mz,Daniel Lambert,author
sejmi,guh@fekne.ad,Lola Marsh,author
je,he@mikutekit.dz,Addie Ross,author
ronepup,adlaewi@mitsekde.ar,Kate Kim,contributor
eca,wifgupu@ve.ne,Elmer Hanson,author
hem,isiwuste@kuhob.ar,Manuel Fowler,contributor
sonfas,kir@gionese.ky,Theresa McKinney,author
pi,lu@dot.hm,Barbara Fuller,author
lijijfu,use@apuhon.net,Lewis Bennett,author
bawnojet,girbi@uhupalzur.pt,Lela Matthews,author
zukwona,usva@neruvi.my,Harriett Duncan,author
odopohot,pasucros@pe.fm,Eliza Murray,author
bus,wuc@gajigvin.lc,Ruby Ortiz,author
torobva,pazjed@nibzup.jo,Jeffery Walton,contributor
ig,gam@pe.eg,Sadie Stevenson,author
degvojdob,biselzac@za.mu,Fred Hines,contributor
fe,cobnomer@siwif.ua,Laura Yates,author
zirigoc,ave@aju.gu,Nora Wise,author
egazod,ez@sohiwke.ma,Calvin McCoy,author
fuz,poweznug@bi.za,Teresa Bowers,author
diro,moldevofo@evi.bi,Leonard Stokes,author
rike,colfovo@holguru.cy,Ora Terry,author
af,kozeka@lamojas.gr,Edith Guzman,author
it,naje@sut.vu,Alvin Freeman,contributor
zes,umohu@limmem.lu,Francis Chambers,author
tuh,wi@injadu.mt,Rachel Wong,contributor
tukiz,naev@er.ec,Jordan Thornton,author
da,pinucvo@barjet.fk,Ellen Matthews,author
nemajinu,pucenfa@wu.eg,Nicholas Garner,author
mi,owozuajo@esekupjah.at,Juan Mann,author
ar,lu@mat.pm,Jean Harrington,author
gussewvo,oherivgin@urlo.sc,Elva Frank,author
ijiim,ruzed@kohuha.vu,Cody Meyer,author
sicnuheg,od@jursasaj.ne,Viola Hines,contributor
rehejsiv,uci@rekesus.zm,Della Jefferson,author
ba,viadetu@dic.gp,Marvin Valdez,contributor
pu,edifore@upagukij.bo,Dylan Fowler,author
awavamo,owiku@kukba.be,Delia Ingram,author
wicin,tuhnup@de.ad,Chase Scott,author
nip,mec@puv.ax,Willie Brock,author
uhodu,darnet@ehhu.si,Harvey Andrews,author
peckim,nu@locacsel.pn,Elva Becker,author
feri,solcirgag@hile.cd,Elmer Cummings,author
asafa,isuob@tah.cu,Bernard Brady,contributor
cohe,jasulcub@cikluko.ml,Rachel McBride,author
nanfol,pahtuhe@jafzon.hm,Benjamin Sullivan,contributor
ilavor,toto@imuzoh.tj,Connor Weaver,author
wukpusat,vahubid@guneuhu.as,Jeanette Floyd,author
ricru,tabkat@kovapi.ac,Marguerite May,author
evhic,hedi@zazapud.tv,Christopher Love,author
ja,ahkuji@sakzug.ni,Norman Sparks,author
zihifki,re@arbi.pa,Marie May,author
hufop,opo@naf.si,Shawn Cole,author
wu,gimujaivo@celed.gm,Ellen Hale,contributor
sobe,wefafoc@idevza.mv,Mario Blair,author
hipminwud,etdosube@muriuce.tv,Theodore Henderson,contributor
lawimo,injomuf@za.gg,Timothy Sims,author
nigohin,ro@pen.nc,Lottie Barrett,author
cen,sodineda@asceb.tp,Ray Gonzales,author
wiwidcis,da@gogcu.es,Cynthia Gordon,author
asola,vu@awi.sx,Ricardo Young,author
gikvi,jec@lo.br,Don Henry,author
cec,puz@jik.cu,Ann Gordon,author
toja,agohiok@hu.at,Rachel Jordan,contributor
fotu,olbakjof@ju.gd,Ralph Aguilar,author
aslus,ca@zu.sk,Eunice Owens,contributor
kumigwec,utigiwki@fehdogpo.fk,Lena Hanson,author
arjozti,keweksu@ad.se,Pearl Dunn,author
fesunfow,pub@jir.so,Ella Munoz,author
jamik,zivase@bam.sv,Emma Wagner,author
no,zazrek@wuevi.mm,Gordon Kelly,author
beteve,ic@uhleum.to,Jordan Francis,author
fo,nezfacdi@repes.ne,Elizabeth Gregory,author
watupsac,rut@nisfu.pn,Ruth Steele,contributor
fasnosoz,te@im.io,Richard Conner,author
bafe,upabulaw@dupvuike.mz,Rodney Rodriguez,contributor
ud,dabpe@romsene.gd,Micheal Nash,author
hel,ja@elca.cl,Sally Mullins,author
havwa,wazopafo@fidnaf.cx,Brandon Conner,author
or,letkecvun@dovpejme.tl,Minerva Lambert,author
duupasa,saubse@sarojpo.cd,Bernice Shaw,author
kec,kechi@cuzo.in,John Leonard,author
abluwa,nealhe@vemaf.cr,Irene Miles,author
huznih,pu@rareh.md,Joshua Frazier,contributor
igo,juldewa@veeh.je,Garrett Morgan,author
kuveje,cecemiru@bovanede.fo,Seth Hayes,contributor
cuk,cek@ogzi.cg,Georgie Harris,author
kojomo,put@dig.gs,Tony Cobb,author
sowaw,kigu@ze.gh,Josie Allen,author
wihawi,owbukapa@sawpo.ky,Mina Craig,author
kogufe,ceme@dim.me,Lawrence Briggs,author
his,oboco@pehitgup.nf,Mathilda Stewart,author
caw,mulje@in.do,Leila Leonard,author
mimsutupe,rerimhig@hoghum.tc,Elnora Peterson,contributor
ik,ha@ziiv.me,Bernice Robbins,author
keg,viznizbew@nek.et,Rosetta Page,contributor
ava,dilege@dojta.de,Stella Elliott,author
re,mok@osoaw.gq,Gary Page,author
lomizoj,suv@nob.es,Mina Guzman,author
cuspivuza,bamko@goagu.org,Victor Miller,author
gojogeg,idfiweri@valbez.ba,Luis Buchanan,author
ab,pal@cutilde.ss,Matilda Sherman,author
tec,les@ikdu.ve,Jackson Vega,author
jubetut,uvedusu@uh.tz,Ada Horton,contributor
gipul,bo@jowopowus.im,Oscar Torres,author
zibom,ebu@hi.uy,Myra Wood,contributor
pab,diahiuvu@erale.tj,Mike Norris,author
dig,hibuzbo@ihu.gh,Dale Maxwell,author
mutrivce,as@olafejov.bb,Steven Gutierrez,author
jufvo,onaguew@umgode.lu,Ophelia Jackson,author
virne,horec@udemul.lc,Phoebe Hunter,author
it,sapif@vihur.je,Susan Adkins,author
higek,sipu@vudhojov.sx,Dylan Robinson,author
mugkojgar,zig@jukam.cx,Amanda Dunn,contributor
vuhej,humup@ritevi.cu,Tony McDonald,author
neufiib,ofitomaj@bawziiwa.ai,Charlie Mendoza,contributor
pasolfu,difeh@sakbaad.az,Gregory Holt,author
woopvu,isni@enipaja.af,Logan Owens,author
la,solfazzi@hijpej.cm,Alfred Barton,author
lohsohoj,zefoco@kubju.sv,Warren Gibson,author
ecuajmu,puiho@eji.vg,Wayne Matthews,author
bilwi,micu@arnij.nu,Nelle Huff,author
gi,gucu@morzicej.im,Ian Thompson,author
wuhe,ohu@iwborej.ug,Francisco Curtis,contributor
ol,jav@junmoege.bz,James Sims,author
bectawu,oj@wasajwi.bh,Angel Zimmerman,contributor
lab,pibna@ehedaj.tk,Nina Carroll,author
soksi,hedaf@pabrihe.is,Elnora Long,author
so,emamazugo@esone.es,Marion Stone,author
akmok,je@ihta.il,Winifred Wilkerson,author
fuv,otukus@epodehi.gu,Adeline Bryan,author
waseec,vi@if.ro,Tommy King,author
er,torace@fu.ua,Jason Hernandez,author
javra,maw@gisfuhhi.ch,Ray Hunt,contributor
curroed,log@aftiwta.cv,Louise Dawson,author
rarvep,cewen@kiagewuh.cl,Lewis Allison,contributor
pohori,akuras@gis.nc,Patrick Dean,author
lod,teola@mafa.cu,Ellen White,author
wuk,wet@mabbessan.bs,Alvin Lynch,author
tijetvuw,sa@tot.sj,Adele Rodgers,author
uvuwi,boh@tujorsep.hm,Miguel Bailey,author
dem,oj@iso.vi,Micheal Gregory,author
ju,rumzil@edan.ee,Dean Brooks,author
futles,nunabje@cobze.gl,Earl Cummings,contributor
atu,bo@ku.vi,Brent Evans,author
irovezi,ejiagri@utaodiibu.gp,Minerva Simpson,contributor
doz,ma@ujozij.ph,Jeffery Ramos,author
kicu,ug@pacic.ru,Bryan Cooper,author
ru,sedu@jos.an,Nora Wilkerson,author
fiur,seli@udo.de,Henry Washington,author
ca,fugbaw@emzud.hr,Alexander Castillo,author
si,lev@je.gn,Walter Hubbard,author
debdor,ededaudo@tiwwog.ve,Tommy Herrera,author
sikuci,nus@avi.mo,Kate Graves,contributor
zajufuz,jikuggak@saj.mh,Hester Lindsey,author
amejde,fekwadpo@kirja.gh,Effie Sanchez,contributor
icada,id@hoj.mx,Isabelle Frazier,author
mocozmom,vi@miw.gt,Justin Johnston,author
pafez,bojitkub@cek.et,Marcus Lewis,author
jahroke,lunub@ofme.kw,Jack Mullins,author
fezacpaj,si@kovsivwo.hu,Adam Wagner,author
cegab,ve@ujpel.ci,Lillian Richards,author
os,sihoker@cunkov.tf,Cynthia Hanson,author
irucen,ab@favera.sx,Henrietta Cook,contributor
lad,rubgowbe@tufwo.mm,Clifford Day,author
cuvohezub,duwiboce@cecedmo.bv,Cora Sutton,contributor
eguvuho,baw@bi.by,Johnny Craig,author
wirbig,puwza@tozdicri.me,Minnie Hubbard,author
zik,ewirisaja@jos.cu,Derrick Wilkins,author
so,aldov@si.bb,Bertha Cummings,author
ecaleut,ibokomfin@gomka.mr,Randy Mann,author
ozzuzfi,aj@jutogpa.lu,Rhoda Huff,author
ehdul,rijotu@edap.sj,Barry Bowman,author
minlitwen,piobne@herfugow.gw,Jeanette Newton,contributor
al,ce@uduida.an,Anthony Warner,author
adjoz,cevdodin@cun.co.uk,Albert Turner,contributor
olzi,wos@oru.gb,Estella Gray,author
bukni,cukuhi@boce.mt,Larry Lloyd,author
go,hilim@pihmu.an,Josephine Newman,author
jiun,mu@nakottes.mt,Lina Stevens,author
wijes,tu@zowefa.my,Laura Watkins,author
zipuad,ruk@lucijfe.tt,Manuel Castro,author
supgakti,aw@nih.sx,Ann Osborne,author
tatjokibo,sa@hi.pt,Florence White,contributor
hufic,zahew@sajse.gb,Effie Fletcher,author
kirdukav,wuredem@amzamef.cu,Rena Hayes,contributor
diwwuswoh,rujof@bikcamwo.mm,Ora Saunders,author
zekohoc,bejef@pigmilom.mc,Franklin Fowler,author
vu,dicufo@tubtivgi.ga,Sam Rhodes,author
tar,ajerodip@kaip.cz,Bernice Buchanan,author
hu,ne@madduk.aq,Seth Pope,author
bibhuz,rubohipu@rekkaleso.sb,Ollie Collier,author
mir,ego@lijgosi.ac,Aaron Christensen,author
liv,iwoz@luihe.kz,Teresa Lamb,contributor
mosidec,ebopeew@buhmo.dm,Alexander Norris,author
did,puda@buhhekpu.gd,Gertrude Elliott,contributor
tezmu,pa@razkitze.gq,Kate Hill,author
lawloutu,uwiiva@foj.dj,Elva Collins,author
luf,vugah@ho.kg,Janie Caldwell,author
daton,maat@tobbopik.vc,Betty Castillo,author
co,josos@jowobkof.nl,Teresa Fox,author
ticwiju,sodup@ivka.mr,Lucinda Dixon,author
dufihe,biaku@eso.tz,Lela McLaughlin,author
ruawij,mu@wi.tj,Francis Gibson,contributor
woziti,pitno@voto.vu,Curtis Hawkins,author
lik,jouwhez@cof.kz,Harold Wells,contributor
pihpeg,piopa@ugemo.ki,Polly Cook,author
foov,ag@rereoh.mn,Estella Yates,author
ju,ed@gujehpo.ag,Mayme Pierce,author
waklem,wimseil@nag.fm,Edwin Roy,author
jumgotuh,zuvwem@weshiiga.hm,Jack Saunders,author
asjorra,piwcis@ih.bs,Katherine Murray,author
iw,tajerti@fodbi.sy,Lola Alvarado,author
zaj,fawif@wodsu.do,Hunter Daniels,contributor
iw,ratseki@jetfued.gy,Gavin Barnett,author
duzpa,bame@hako.va,Ella Dean,contributor
dijjedzej,lopo@losuci.gi,Pearl Knight,author
pes,jajruhu@eliop.tm,Lenora Hardy,author
zos,pupugi@cig.uz,Vincent Morris,author
uj,ukziw@uzebum.au,Hunter Moody,author
lohu,uc@curejga.zm,Evelyn Nguyen,author
wuuhel,borpumhul@zepebta.mw,Abbie Mann,author
kikzedij,fud@lihtahsad.nc,Katherine Wallace,author
wo,no@doslazsi.td,Theodore Banks,contributor
gu,nebveg@diitekih.fk,Amy Ferguson,author
tuh,uja@hu.mq,Birdie Ferguson,contributor
guwitmu,farso@ori.bg,Sarah Perkins,author
ke,rurhotmuw@pe.ad,Isaiah Schwartz,author
degano,aho@wu.ch,Bessie Adkins,author
nak,pij@wukkadi.cw,Dorothy Logan,author
ozula,si@konuzi.com,Fannie Powell,author
licom,el@jo.lb,Ricky Morrison,author
bi,ju@pimongew.kn,Brian Olson,author
desap,diwe@ha.ht,Calvin Vasquez,contributor
atan,nulepef@kutab.dz,Christopher Wheeler,author
ositi,zeg@kioguco.kw,Dylan Rogers,contributor
fuz,hejevru@vezos.il,Dollie Reese,author
omur,rugaep@oso.ai,Christine Park,author
helupla,afitunreb@tebsuja.td,Mable Fowler,author
fimit,togmaber@tibsupeb.se,Marguerite Lane,author
miwni,lodeti@uvmamo.hk,Olivia Holt,author
lic,ro@esnawwu.ge,Lina Briggs,author
milgefu,an@ibilivonu.bt,Leah Vargas,author
ojievugo,vajfat@namizsuv.sz,Chester Bowers,contributor
ve,ru@otejowur.org,Joseph Brady,author
voj,koci@gu.af,Winnie Holloway,contributor
apisiphe,kos@zan.in,Dennis Henderson,author
ce,mifukfi@zaku.km,Cora Bradley,author
asec,fugtokawo@tuddu.rw,Austin Williams,author
vatciptog,nazrub@lab.es,Darrell Robertson,author
owuhu,osbi@ecewin.ca,Nicholas Yates,author
cieno,pujelwo@dazi.am,Jay Holland,author
ib,we@jalta.gi,Emily Lane,author
eha,hurba@beafo.by,Alta Andrews,contributor
zid,goelcaw@uwi.ug,Mattie Wade,author
ho,du@boru.ye,Jayden Massey,contributor
wiz,ilah@sat.my,Jackson McCoy,author
sear,duk@geb.az,Jay Joseph,author
ko,ibmen@eju.sr,Tommy Holmes,author
coma,neleru@ehla.bo,Chris Webb,author
cauw,ilgerse@keci.aw,Rebecca Douglas,author
fo,taklom@owonevmo.ng,Millie Gibson,author
welulivo,hevapah@mo.cr,Martin Sherman,author
gioj,towhinvem@bat.sx,Olive Stanley,contributor
fe,ujaf@tijrehlip.bq,Lucas Stephens,author
jimbu,sazoru@megpu.mo,Antonio Clayton,contributor
enwu,fe@vo.gl,Jesse Daniels,author
citi,efiku@ij.lb,Mayme Griffith,author
ifcu,nasjoduv@wovvurli.an,Hulda Luna,author
omi,kad@ebu.kn,Edgar May,author
siv,fiifo@dis.gh,Francis Vargas,author
obi,ido@deupe.ao,Annie Fuller,author
mojaum,utmeno@sawmasab.bq,Jane Kelley,author
nar,efpara@rikozot.zm,Viola Jordan,contributor
akafulna,kil@uliizo.ky,Ida Harrington,author
kejogaf,jezade@lu.ly,Danny Watson,contributor
leuvone,okita@naltu.lk,Henry Townsend,author
ropmipivo,borfo@dounior.ga,Violet Lawson,author
fosohga,uphu@vo.sr,Maria Delgado,author
wa,da@etoni.gm,Tom Parks,author
sim,bubu@bedusif.ie,Austin Conner,author
guuzzoj,naoni@kavto.td,Samuel Hunter,author
wackeul,loghoffes@gidnissu.gq,Logan Allison,author
ilgi,jonisiwa@firrelam.jo,Brett Allison,contributor
amutodo,bujsan@ofa.ga,Rena Malone,author
juf,kube@fiwete.pn,Violet Burke,contributor
wosge,dacow@henwe.al,Johnny Shelton,author
up,co@imu.sg,Mattie Owens,author
dimne,zezan@wacogra.pf,Pauline Collins,author
erfi,jaosi@co.au,Martin Walton,author
omulfav,ki@lu.io,Owen Quinn,author
nir,edbe@ag.my,Winnie Gonzalez,author
falhuaco,womod@zimi.bd,Chad Sharp,author
ina,meslifaw@abdavsid.er,Eric Wilkerson,contributor
hevunugo,azogejono@ud.hm,Hulda Carroll,author
haruco,walhismal@hulov.bs,Hester Lucas,contributor
jofbe,luto@vun.io,Evan Chambers,author
tac,kaviwwos@mun.zm,Lottie Soto,author
fifawi,johi@zab.fr,Chester Tran,author
pewiweju,jana@za.kz,Luke Morrison,author
set,namefel@ude.org,Edwin Ford,author
lifopwi,zuweldez@boejlek.af,Willie Glover,author
issas,celidana@gimo.na,Olga Fleming,author
ri,hufehtag@fa.gf,Elizabeth Patrick,contributor
he,rarfonsu@do.gw,Myra Fields,author
cidefin,vitso@tu.rw,Jeremy Horton,contributor
zupziode,veedlak@cocduhzub.gg,Eugene Hall,author
rudza,oka@aza.mc,Jeffery Alvarez,author
zem,lannu@ik.sx,Elsie Anderson,author
hitdeez,dimguave@siosi.lt,Joel Mills,author
puw,lophiwvon@wokba.mv,Eunice Drake,author
heha,eh@deja.gq,Rhoda Cross,author
kojog,foma@liw.ag,Sean Douglas,author
puwjoplol,il@kabed.at,Leila Medina,contributor
jef,lo@ivsun.dj,Lucille Fowler,author
rikat,ol@urikelti.us,Clifford Chandler,contributor
houfibi,narjom@iwowofev.bs,Bruce Perkins,author
up,jekiparod@itzisev.ro,Elijah Reeves,author
daz,biposvef@ge.mn,Eleanor Thomas,author
ozhubgar,cujekbav@nuw.de,Jeremy Caldwell,author
duidi,ihomdi@wozi.ao,Lois Gregory,author
zallebe,zutowtan@ve.be,Bertha Jimenez,author
be,bar@cupi.ls,Benjamin Collier,author
sezol,zuzro@ca.je,Nora Blair,contributor
ravamifi,fiwevi@rafleve.ni,Norman King,author
is,na@zi.tr,Dylan Curry,contributor
hol,laksobo@deiza.gs,Katherine Patrick,author
jocbek,mizbaw@tab.cy,Elijah Snyder,author
ger,lirhunpu@vizahhu.ss,Pearl Barrett,author
evag,veh@uzenuczeg.ag,Rosalie Watkins,author
vo,toljo@os.ht,Eunice Harrington,author
par,le@inulocu.uk,Carolyn Cunningham,author
erief,kehij@su.ua,Vernon McCarthy,author
ujnogel,acnaf@mo.nf,Jon Palmer,contributor
